{"val_perf_delaygo_s1":0.20000000298023224,"val_perf_delayanti_s1":0.20000000298023224,"validation/lambda":0.008273672312498093,"val_perf_delaygo_v1":0.20000000298023224,"train/dist*weight_reg":0.7266051173210144,"parameters/rnn.rnncell.bias":{"bins":[-0.11845823377370834,-0.11428108811378479,-0.11010394245386124,-0.10592678934335709,-0.10174964368343353,-0.09757249802350998,-0.09339535236358643,-0.08921820670366287,-0.08504106104373932,-0.08086390793323517,-0.07668676227331161,-0.07250961661338806,-0.06833247095346451,-0.06415532529354095,-0.0599781759083271,-0.05580102652311325,-0.0516238808631897,-0.047446735203266144,-0.04326958581805229,-0.03909244015812874,-0.034915290772914886,-0.030738145112991333,-0.02656099945306778,-0.022383851930499077,-0.018206704407930374,-0.014029556885361671,-0.009852410294115543,-0.005675263237208128,-0.0014981161803007126,0.002679030876606703,0.006856177933514118,0.011033324524760246,0.015210479497909546,0.01938762702047825,0.02356477454304695,0.027741920202970505,0.03191906958818436,0.03609621524810791,0.040273360908031464,0.044450510293245316,0.04862765595316887,0.05280480161309242,0.056981950998306274,0.06115909665822983,0.06533624231815338,0.06951338797807693,0.07369054108858109,0.07786768674850464,0.08204483240842819,0.08622197806835175,0.0903991237282753,0.09457627683877945,0.098753422498703,0.10293056815862656,0.10710771381855011,0.11128485947847366,0.11546200513839722,0.11963915824890137,0.12381630390882492,0.12799344956874847,0.13217060267925262,0.13634774088859558,0.14052489399909973,0.1447020322084427,0.14887918531894684],"_type":"histogram","values":[1,0,0,1,0,1,0,1,2,3,0,3,5,4,3,3,9,4,4,4,6,7,7,5,7,3,9,6,4,4,6,6,5,4,3,6,5,7,1,4,5,8,3,2,1,3,2,4,2,1,3,1,0,0,1,0,0,0,1,0,1,0,0,1]},"validation/lambda_FLN":0.0077932109124958515,"epoch":29,"parameters/readout.weight":{"_type":"histogram","values":[1,0,0,0,1,0,1,1,0,0,0,0,0,0,0,0,0,0,1,1,0,0,0,0,0,0,0,0,0,0,0,0,0,0,2,0,0,1,0,2,0,1,0,0,1,0,0,0,0,0,0,0,0,0,0,0,0,0,0,0,0,1,0,1],"bins":[-0.4286685287952423,-0.4161794185638428,-0.40369027853012085,-0.3912011682987213,-0.3787120580673218,-0.36622294783592224,-0.3537338376045227,-0.3412446975708008,-0.32875558733940125,-0.3162664771080017,-0.3037773370742798,-0.29128822684288025,-0.2787991166114807,-0.2663100063800812,-0.25382089614868164,-0.24133175611495972,-0.22884264588356018,-0.21635353565216064,-0.20386441051959991,-0.19137528538703918,-0.17888617515563965,-0.1663970649242401,-0.15390793979167938,-0.14141881465911865,-0.12892970442771912,-0.11644058674573898,-0.10395146906375885,-0.09146235138177872,-0.07897323369979858,-0.06648411601781845,-0.05399499833583832,-0.041505880653858185,-0.029016762971878052,-0.01652764528989792,-0.004038527607917786,0.008450590074062347,0.02093970775604248,0.033428825438022614,0.04591794312000275,0.05840706080198288,0.07089617848396301,0.08338529616594315,0.09587441384792328,0.10836353152990341,0.12085264921188354,0.13334175944328308,0.1458308845758438,0.15832000970840454,0.17080911993980408,0.1832982301712036,0.19578735530376434,0.20827648043632507,0.2207655906677246,0.23325470089912415,0.24574382603168488,0.2582329511642456,0.27072206139564514,0.2832111716270447,0.2957003116607666,0.30818942189216614,0.3206785321235657,0.3331676423549652,0.34565675258636475,0.35814589262008667,0.3706350028514862]},"train/task loss":2.497936725616455,"validation/density_FLN":73.67621612548828,"train/intra_area_penalty":3.0855331623058646e-09,"val_perf_dmcgo":0,"val_perf_fdgo_v1":0.20000000298023224,"_runtime":895.914994,"val_perf_reactgo_v1":0.20000000298023224,"_step":47,"val_perf_fdanti_s1":0.20000000298023224,"parameters/rnn.rnncell.weight_hh":{"values":[1,0,0,0,0,1,1,0,2,14,31,72,134,202,257,369,423,456,575,637,750,767,849,968,1131,1306,1635,2609,7596,3425,2167,1556,1342,1167,1036,862,816,739,589,527,495,417,312,256,182,105,51,17,6,5,1,2,1,1,0,0,0,0,0,0,0,0,0,1],"bins":[-0.2797296941280365,-0.27006083726882935,-0.2603920102119446,-0.2507231533527374,-0.24105432629585266,-0.2313854694366455,-0.22171662747859955,-0.2120477855205536,-0.20237894356250763,-0.19271010160446167,-0.1830412596464157,-0.17337241768836975,-0.1637035608291626,-0.15403471887111664,-0.14436587691307068,-0.13469703495502472,-0.12502819299697876,-0.1153593510389328,-0.10569050908088684,-0.09602165967226028,-0.08635281771421432,-0.07668397575616837,-0.06701512634754181,-0.05734628438949585,-0.04767744243144989,-0.03800860047340393,-0.028339754790067673,-0.018670910969376564,-0.009002067148685455,0.0006667766720056534,0.010335620492696762,0.02000446431338787,0.029673278331756592,0.03934212028980255,0.04901096597313881,0.05867981165647507,0.06834865361452103,0.07801749557256699,0.08768634498119354,0.0973551869392395,0.10702402889728546,0.11669287085533142,0.12636171281337738,0.13603055477142334,0.1456994116306305,0.15536825358867645,0.1650370955467224,0.17470593750476837,0.18437477946281433,0.1940436214208603,0.20371246337890625,0.2133813053369522,0.22305014729499817,0.23271900415420532,0.24238784611225128,0.25205668807029724,0.2617255449295044,0.27139437198638916,0.2810632288455963,0.2907320559024811,0.30040091276168823,0.310069739818573,0.31973859667778015,0.3294074237346649,0.33907628059387207],"_type":"histogram"},"val_perf_fdanti_v1":0.20000000298023224,"val_perf_reactgo_s1":0.20000000298023224,"validation/spearman_corr":-0.3340393304824829,"val_perf_delayanti_v1":0.20000000298023224,"validation/val loss":2.7529256343841553,"train/total loss":2.497936725616455,"parameters/rnn.rnncell.weight_ih":{"_type":"histogram","values":[1,0,0,0,0,1,1,0,6,3,4,6,8,10,17,21,31,29,56,51,72,91,98,143,134,152,156,178,169,193,191,245,206,205,182,176,174,169,140,114,116,89,88,58,50,46,36,25,23,19,14,7,7,8,3,1,4,0,1,1,0,1,0,2],"bins":[-0.8831467628479004,-0.8555475473403931,-0.8279483914375305,-0.8003491759300232,-0.7727500200271606,-0.7451508045196533,-0.7175516486167908,-0.6899524331092834,-0.6623532772064209,-0.6347540616989136,-0.6071548461914062,-0.5795556902885437,-0.5519564747810364,-0.5243573188781738,-0.4967581033706665,-0.46915891766548157,-0.44155973196029663,-0.4139605462551117,-0.38636136054992676,-0.3587621748447418,-0.3311629891395569,-0.30356377363204956,-0.2759645879268646,-0.2483654022216797,-0.22076621651649475,-0.19316703081130981,-0.16556784510612488,-0.13796864449977875,-0.11036945879459381,-0.08277027308940887,-0.05517107993364334,-0.027571890503168106,2.7358531951904297e-05,0.02762654796242714,0.055225737392902374,0.08282493054866791,0.11042411625385284,0.13802330195903778,0.1656225025653839,0.19322168827056885,0.22082087397575378,0.24842005968093872,0.27601924538612366,0.3036184310913086,0.3312176465988159,0.35881683230400085,0.3864160180091858,0.4140152037143707,0.44161438941955566,0.4692135751247406,0.49681276082992554,0.5244119763374329,0.5520111322402954,0.5796103477478027,0.6072095036506653,0.6348087191581726,0.6624078750610352,0.6900070905685425,0.7176063060760498,0.7452054619789124,0.7728046774864197,0.8004038333892822,0.8280030488967896,0.8556022047996521,0.8832014203071594]},"val_perf_dmsgo":0,"validation/density":86.78384399414062,"val_perf":0.17000000178813934,"val_perf_dmcnogo":0.25,"_wandb":{"runtime":906},"val_perf_reactanti_s1":0.30000001192092896,"_timestamp":1.7547537309826088e+09,"val_perf_fdgo_s1":0.20000000298023224,"trainer/global_step":899,"validation/l1_sensory_activity":8.365775294727484e-10,"val_perf_reactanti_v1":0.20000000298023224,"validation/spearman_corr_FLN":-0.3452346920967102,"validation/dist*weight_reg":0.7256307005882263,"validation/self_conn":1.7242335559330968e-08,"train/l1_sensory_activity":5.701795702250934e-10,"validation/intra_area_penalty":3.083517885471565e-09,"val_perf_dmsnogo":0.20000000298023224,"train/self_conn":1.7245046279867893e-08}