{"val_perf_fdgo_s1":0.4000000059604645,"validation/density_FLN":82.54893493652344,"_timestamp":1.7547780816193228e+09,"val_perf_dmsgo":0.20000000298023224,"val_perf_reactgo_s1":0.44999998807907104,"val_perf":0.3137499988079071,"parameters/rnn.rnncell.weight_ih":{"_type":"histogram","values":[2,0,0,1,1,2,1,3,6,5,5,6,1,7,10,17,14,12,28,31,27,36,28,32,40,46,37,46,37,42,36,37,56,42,31,48,34,39,23,26,27,20,22,11,10,9,7,5,3,7,1,4,0,0,0,0,3,0,1,1,0,1,0,2],"bins":[-0.7264381051063538,-0.7016875743865967,-0.6769369840621948,-0.6521864533424377,-0.6274359226226807,-0.6026853322982788,-0.5779348015785217,-0.5531842708587646,-0.5284336805343628,-0.5036831498146057,-0.47893258929252625,-0.4541820287704468,-0.4294314980506897,-0.40468093752861023,-0.37993037700653076,-0.3551798462867737,-0.3304292857646942,-0.30567872524261475,-0.28092819452285767,-0.2561776340007782,-0.23142707347869873,-0.20667652785778046,-0.18192598223686218,-0.15717542171478271,-0.13242487609386444,-0.10767432302236557,-0.0829237699508667,-0.058173224329948425,-0.033422671258449554,-0.008672120049595833,0.01607843115925789,0.04082898050546646,0.06557953357696533,0.0903300866484642,0.11508063971996307,0.13983118534088135,0.16458174586296082,0.1893322914838791,0.21408283710479736,0.23883339762687683,0.2635839581489563,0.2883344888687134,0.31308504939079285,0.3378356099128723,0.3625861406326294,0.38733670115470886,0.41208726167678833,0.4368377923965454,0.4615883529186249,0.48633891344070435,0.5110894441604614,0.5358400344848633,0.5605905652046204,0.5853410959243774,0.6100916862487793,0.6348422169685364,0.6595927476882935,0.6843433380126953,0.7090938687324524,0.7338443994522095,0.7585949897766113,0.7833455204963684,0.8080960512161255,0.8328466415405273,0.8575971722602844]},"_wandb":{"runtime":863},"train/dist*weight_reg":0.1485772281885147,"train/intra_area_penalty":3.3751189221220557e-07,"train/task loss":2.411684036254883,"_runtime":853.073644,"validation/l1_sensory_activity":3.1976974401715097e-09,"val_perf_reactgo_v1":0.44999998807907104,"val_perf_delayanti_v1":0.20000000298023224,"val_perf_delayanti_s1":0.20000000298023224,"epoch":29,"val_perf_fdanti_v1":0.20000000298023224,"parameters/rnn.rnncell.bias":{"_type":"histogram","values":[1,0,0,0,0,0,0,0,2,1,0,1,0,0,2,1,1,1,2,0,0,0,1,0,1,1,0,0,4,1,2,2,1,0,1,0,1,2,1,0,0,0,2,3,0,0,2,2,2,0,1,0,1,1,1,0,0,0,0,1,1,0,1,1],"bins":[-0.1929582804441452,-0.18760284781455994,-0.18224740028381348,-0.1768919676542282,-0.17153653502464294,-0.16618108749389648,-0.16082565486431122,-0.15547020733356476,-0.1501147747039795,-0.14475934207439423,-0.13940389454364777,-0.1340484619140625,-0.12869301438331604,-0.12333758175373077,-0.11798214912414551,-0.11262670904397964,-0.10727126896381378,-0.10191582888364792,-0.09656038880348206,-0.09120495617389679,-0.08584951609373093,-0.08049407601356506,-0.0751386433839798,-0.06978320330381393,-0.06442776322364807,-0.05907232314348221,-0.053716886788606644,-0.04836145043373108,-0.043006010353565216,-0.03765057027339935,-0.03229513391852379,-0.026939695701003075,-0.02158425748348236,-0.016228819265961647,-0.010873381048440933,-0.005517942830920219,-0.00016250461339950562,0.005192933604121208,0.010548371821641922,0.015903810039162636,0.02125924825668335,0.026614686474204063,0.03197012469172478,0.03732556104660034,0.042681001126766205,0.04803644120693207,0.05339187756180763,0.0587473139166832,0.06410275399684906,0.06945819407701492,0.07481363415718079,0.08016906678676605,0.08552450686693192,0.09087994694709778,0.09623537957668304,0.10159081965684891,0.10694625973701477,0.11230169981718063,0.1176571398973465,0.12301257252693176,0.12836802005767822,0.1337234526872635,0.13907888531684875,0.14443433284759521,0.14978976547718048]},"validation/spearman_corr":-0.14612825214862823,"train/wiring_entropy":-3.241854784619136e-08,"validation/intra_area_penalty":3.3742401228664676e-07,"validation/density":95.37692260742188,"val_perf_delaygo_s1":0.20000000298023224,"val_perf_fdgo_v1":0.3499999940395355,"validation/lambda":0.0014125029556453228,"parameters/readout.weight":{"values":[1,0,0,1,0,0,0,1,0,0,0,0,1,0,0,0,0,0,0,0,0,2,1,0,0,0,0,0,0,0,0,0,0,0,0,0,0,0,1,0,0,0,0,0,0,0,1,0,1,0,0,0,1,0,0,0,0,0,0,0,0,0,0,1],"bins":[-0.4448298513889313,-0.4294264614582062,-0.4140230715274811,-0.398619681596756,-0.38321632146835327,-0.3678129315376282,-0.3524095416069031,-0.337006151676178,-0.3216027617454529,-0.3061993718147278,-0.2907959818840027,-0.2753925919532776,-0.2599892020225525,-0.2445858269929886,-0.22918245196342468,-0.21377906203269958,-0.1983756721019745,-0.1829722821712494,-0.1675688922405243,-0.1521655172109604,-0.1367621272802353,-0.12135873734951019,-0.10595535486936569,-0.09055197238922119,-0.0751485824584961,-0.059745196253061295,-0.044341810047626495,-0.028938423842191696,-0.013535037636756897,0.0018683485686779022,0.0172717347741127,0.0326751209795475,0.04807853698730469,0.06348192691802979,0.07888530939817429,0.09428869187831879,0.10969208180904388,0.12509547173976898,0.14049884676933289,0.15590223670005798,0.17130562663078308,0.18670901656150818,0.20211240649223328,0.21751578152179718,0.23291917145252228,0.24832256138324738,0.2637259364128113,0.2791293263435364,0.2945327162742615,0.3099361062049866,0.32533949613571167,0.34074288606643677,0.35614627599716187,0.3715496361255646,0.3869530260562897,0.40235641598701477,0.41775980591773987,0.43316319584846497,0.44856658577919006,0.46396997570991516,0.47937333583831787,0.49477672576904297,0.5101801156997681,0.5255835056304932,0.5409868955612183],"_type":"histogram"},"validation/lambda_FLN":0.0006973089766688645,"trainer/global_step":899,"val_perf_dmcnogo":0.36250001192092896,"train/self_conn":8.820035759526945e-07,"validation/self_conn":8.819427534945135e-07,"validation/wiring_entropy":-3.241846258106307e-08,"val_perf_reactanti_s1":0.375,"train/inputs_sum_to_spine_count_grad":6.07912297709845e-05,"parameters/rnn.rnncell.weight_hh":{"bins":[-0.40603604912757874,-0.39345505833625793,-0.38087406754493713,-0.36829307675361633,-0.35571208596229553,-0.34313109517097473,-0.33055010437965393,-0.31796911358833313,-0.30538809299468994,-0.29280710220336914,-0.28022611141204834,-0.26764512062072754,-0.25506412982940674,-0.24248313903808594,-0.22990214824676514,-0.21732115745544434,-0.20474016666412354,-0.19215917587280273,-0.17957818508148193,-0.16699719429016113,-0.15441620349884033,-0.14183519780635834,-0.12925420701503754,-0.11667321622371674,-0.10409222543239594,-0.09151123464107513,-0.07893024384975433,-0.06634924560785294,-0.053768254816532135,-0.041187264025211334,-0.028606269508600235,-0.016025276854634285,-0.0034443140029907227,0.009136678650975227,0.021717671304941177,0.03429866582155228,0.04687965661287308,0.05946064740419388,0.07204164564609528,0.08462263643741608,0.09720362722873688,0.10978461802005768,0.12236560881137848,0.13494659960269928,0.14752760529518127,0.16010859608650208,0.17268958687782288,0.18527057766914368,0.19785156846046448,0.21043255925178528,0.22301355004310608,0.23559454083442688,0.24817553162574768,0.2607565224170685,0.2733375132083893,0.2859185039997101,0.29849952459335327,0.3110805153846741,0.3236615061759949,0.3362424969673157,0.3488234877586365,0.3614044785499573,0.3739854693412781,0.3865664601325989,0.3991474509239197],"_type":"histogram","values":[2,0,0,3,5,20,18,16,21,30,30,37,28,33,46,36,47,31,42,40,53,57,55,58,47,48,57,46,56,67,71,84,110,57,64,60,56,45,56,46,50,45,50,38,40,28,40,47,44,40,38,37,36,37,27,31,27,26,10,16,6,6,2,2]},"val_perf_delaygo_v1":0.20000000298023224,"train/l1_sensory_activity":2.822755584830361e-09,"validation/inputs_sum_to_spine_count_grad":6.0793474403908476e-05,"val_perf_reactanti_v1":0.07500000298023224,"validation/val loss":1.8991212844848633,"train/total loss":2.411684036254883,"val_perf_dmcgo":0.3499999940395355,"val_perf_dmsnogo":0.4749999940395355,"validation/dist*weight_reg":0.14855118095874786,"_step":47,"val_perf_fdanti_s1":0.4000000059604645,"validation/spearman_corr_FLN":-0.08778008818626404}