{"validation/spearman_corr":-0.008858156390488148,"val_perf_dmsnogo":0.20000000298023224,"val_perf_dmcnogo":0.25,"val_perf_fdanti_v1":0.20000000298023224,"validation/lambda_FLN":-0.0023146180901676416,"val_perf_fdgo_s1":0.20000000298023224,"validation/dist*weight_reg":0.00029633493977598846,"validation/self_conn":1.0000404699894716e-06,"val_perf_reactanti_v1":0.20000000298023224,"validation/lambda":0.0024036916438490152,"val_perf":0.20499999821186066,"train/task loss":1.7501401901245117,"train/wiring_entropy":-3.1892891882989716e-08,"_wandb":{"runtime":225},"validation/density_FLN":82.20845031738281,"validation/spearman_corr_FLN":0.010793746449053288,"epoch":9,"train/self_conn":1.000012503027392e-06,"val_perf_delayanti_s1":0.20000000298023224,"val_perf_reactgo_v1":0.20000000298023224,"train/l1_sensory_activity":9.6051422371346e-10,"val_perf_delayanti_v1":0.20000000298023224,"val_perf_delaygo_s1":0.20000000298023224,"train/inputs_sum_to_spine_count_grad":0.0003697171632666141,"train/intra_area_penalty":4.5581595031762845e-07,"validation/intra_area_penalty":4.558165755952359e-07,"validation/l1_sensory_activity":2.699422019247777e-09,"val_perf_fdgo_v1":0.20000000298023224,"_timestamp":1.755620987648639e+09,"validation/density":96.90081024169922,"val_perf_reactgo_s1":0.20000000298023224,"val_perf_fdanti_s1":0.20000000298023224,"validation/wiring_entropy":-3.1892838592284534e-08,"_step":11,"val_perf_dmsgo":0.20000000298023224,"validation/inputs_sum_to_spine_count_grad":0.0003696799685712904,"train/dist*weight_reg":0.00029637408442795277,"_runtime":214.940077,"validation/val loss":2.015432119369507,"val_perf_reactanti_s1":0.20000000298023224,"val_perf_dmcgo":0.20000000298023224,"trainer/global_step":99,"train/total loss":1.7501401901245117,"val_perf_delaygo_v1":0.20000000298023224}