{"gradients/readout.weight":{"_type":"histogram","values":[1,0,0,0,0,0,0,0,0,0,0,0,0,0,0,0,0,0,0,0,0,0,0,0,0,0,0,0,0,0,0,0,0,0,0,0,0,1,0,0,0,0,0,0,0,0,0,0,0,0,1,0,0,0,1,0,0,2,0,1,3,1,0,1],"bins":[-1.1656209230422974,-1.1466727256774902,-1.1277246475219727,-1.1087764501571655,-1.0898282527923584,-1.0708800554275513,-1.0519319772720337,-1.0329837799072266,-1.0140355825424194,-0.9950874447822571,-0.9761393070220947,-0.9571911692619324,-0.9382429718971252,-0.9192948341369629,-0.9003466367721558,-0.8813984990119934,-0.862450361251831,-0.8435021638870239,-0.8245540261268616,-0.8056058287620544,-0.7866576910018921,-0.767709493637085,-0.7487613558769226,-0.7298132181167603,-0.7108650207519531,-0.6919168829917908,-0.6729686856269836,-0.6540205478668213,-0.6350724101066589,-0.6161242127418518,-0.5971760749816895,-0.5782278776168823,-0.5592797994613647,-0.5403316020965576,-0.5213834643363953,-0.5024352669715881,-0.4834871292114258,-0.46453896164894104,-0.4455907940864563,-0.42664265632629395,-0.4076944887638092,-0.38874632120132446,-0.3697981536388397,-0.350849986076355,-0.3319018483161926,-0.3129536807537079,-0.29400551319122314,-0.2750573456287384,-0.25610917806625366,-0.23716102540493011,-0.21821285784244537,-0.19926470518112183,-0.18031653761863708,-0.16136837005615234,-0.1424202173948288,-0.12347204983234406,-0.10452388972043991,-0.08557572960853577,-0.06662756204605103,-0.04767940193414688,-0.028731241822242737,-0.009783079847693443,0.00916508212685585,0.028113244101405144,0.04706140607595444]},"validation/wiring_entropy":-3.193212805285839e-08,"validation/intra_area_penalty":8.76028366292303e-07,"gradients/rnn.rnncell.weight_hh":{"_type":"histogram","values":[2,0,0,0,0,0,0,1,0,0,0,0,0,0,1,0,1,1,2,5,4,1,6,8,7,11,12,16,34,38,95,2133,90,48,21,11,14,6,6,5,3,5,0,1,2,2,0,1,1,0,1,1,0,1,1,1,1,0,0,0,0,0,0,1],"bins":[-0.32741278409957886,-0.3170773983001709,-0.3067420423030853,-0.29640665650367737,-0.2860713005065918,-0.27573591470718384,-0.26540055871009827,-0.2550651729106903,-0.24472980201244354,-0.23439443111419678,-0.22405906021595,-0.21372368931770325,-0.2033883035182953,-0.19305293262004852,-0.18271756172180176,-0.172382190823555,-0.16204681992530823,-0.15171144902706146,-0.1413760781288147,-0.13104070723056793,-0.12070532888174057,-0.1103699579834938,-0.10003457963466644,-0.08969920873641968,-0.07936383783817291,-0.06902846693992615,-0.058693092316389084,-0.04835771769285202,-0.038022346794605255,-0.02768697403371334,-0.017351601272821426,-0.007016228511929512,0.0033191144466400146,0.013654487207531929,0.023989859968423843,0.03432523459196091,0.04466060549020767,0.05499597638845444,0.0653313547372818,0.07566672563552856,0.08600209653377533,0.0963374674320221,0.10667283833026886,0.11700821667909622,0.12734359502792358,0.13767896592617035,0.14801433682441711,0.15834970772266388,0.16868507862091064,0.1790204495191574,0.18935582041740417,0.19969119131565094,0.2100265622138977,0.22036194801330566,0.23069731891155243,0.2410326898097992,0.25136804580688477,0.2617034316062927,0.2720388174057007,0.28237417340278625,0.2927095592021942,0.3030449151992798,0.31338030099868774,0.3237156569957733,0.3340510427951813]},"val_perf_fdgo_s1":0.4000000059604645,"validation/lambda":0.01049801241606474,"val_perf_dmsnogo":0.4000000059604645,"validation/lambda_FLN":0.004125326871871948,"_wandb":{"runtime":23418},"val_perf_reactanti_s1":0.42500001192092896,"parameters/readout.weight":{"_type":"histogram","values":[1,0,0,0,0,0,0,0,0,0,0,0,0,1,0,0,0,0,0,0,0,0,0,1,0,0,0,0,1,0,0,0,0,0,0,3,0,1,0,0,1,0,0,1,0,0,0,0,0,0,0,0,0,0,0,1,0,0,0,0,0,0,0,1],"bins":[-1.588616967201233,-1.5435919761657715,-1.49856698513031,-1.453541874885559,-1.4085168838500977,-1.3634918928146362,-1.3184669017791748,-1.2734417915344238,-1.2284168004989624,-1.183391809463501,-1.1383668184280396,-1.0933418273925781,-1.0483167171478271,-1.0032917261123657,-0.9582667350769043,-0.9132416844367981,-0.8682166934013367,-0.8231917023658752,-0.778166651725769,-0.7331416606903076,-0.6881166100502014,-0.64309161901474,-0.5980665683746338,-0.5530415773391724,-0.5080165863037109,-0.46299153566360474,-0.4179665148258209,-0.3729414939880371,-0.3279165029525757,-0.28289148211479187,-0.23786646127700806,-0.19284144043922424,-0.14781641960144043,-0.10279139876365662,-0.0577663853764534,-0.012741368263959885,0.03228364884853363,0.07730866968631744,0.12233368307352066,0.16735869646072388,0.2123837172985077,0.2574087381362915,0.3024337589740753,0.34745877981185913,0.39248377084732056,0.43750879168510437,0.4825338125228882,0.5275588631629944,0.5725838541984558,0.6176088452339172,0.6626338958740234,0.7076588869094849,0.7526839375495911,0.7977089285850525,0.8427339792251587,0.8877589702606201,0.9327839612960815,0.9778090119361877,1.022834062576294,1.0678590536117554,1.1128840446472168,1.1579090356826782,1.2029341459274292,1.2479591369628906,1.292984127998352]},"gradients/rnn.rnncell.weight_ih":{"bins":[-0.1820361316204071,-0.17454135417938232,-0.16704659163951874,-0.15955181419849396,-0.15205705165863037,-0.1445622742176056,-0.137067511677742,-0.12957273423671722,-0.12207797169685364,-0.11458319425582886,-0.10708842426538467,-0.09959365427494049,-0.09209888428449631,-0.08460411429405212,-0.07710934430360794,-0.06961457431316376,-0.062119804322719574,-0.05462503433227539,-0.04713026434183121,-0.039635494351387024,-0.03214072436094284,-0.024645952507853508,-0.017151180654764175,-0.009656410664319992,-0.0021616406738758087,0.005333129782229662,0.012827900238335133,0.02032267116010189,0.027817441150546074,0.035312213003635406,0.04280698299407959,0.05030175298452377,0.05779652297496796,0.06529129296541214,0.07278606295585632,0.0802808329463005,0.08777560293674469,0.09527037292718887,0.10276514291763306,0.11025991290807724,0.11775468289852142,0.1252494603395462,0.1327442228794098,0.14023900032043457,0.14773376286029816,0.15522854030132294,0.16272330284118652,0.1702180802822113,0.17771285772323608,0.18520762026309967,0.19270239770412445,0.20019716024398804,0.20769193768501282,0.2151867002248764,0.22268147766590118,0.23017624020576477,0.23767101764678955,0.24516578018665314,0.2526605427265167,0.2601553201675415,0.2676500976085663,0.27514487504959106,0.28263962268829346,0.29013440012931824,0.297629177570343],"_type":"histogram","values":[2,0,0,0,0,1,0,0,0,0,1,0,2,1,0,1,1,0,0,1,2,1,8,10,1021,3,1,2,1,1,0,1,1,2,1,1,0,1,0,0,1,0,0,0,0,2,0,0,0,0,0,0,0,0,0,0,0,0,0,0,0,0,0,1]},"trainer/global_step":39999,"validation/dist*weight_reg":0.000575274636503309,"val_perf_delaygo_s1":0.42500001192092896,"validation/spearman_corr":-0.01420730259269476,"train/dist*weight_reg":0.0005752731231041253,"val_perf_reactgo_v1":0.42500001192092896,"val_perf_fdgo_v1":0.4000000059604645,"validation/val loss":1.1227235794067383,"validation/spearman_corr_FLN":0.00030959080322645605,"train/self_conn":9.459274679102236e-07,"val_perf_reactanti_v1":0.4000000059604645,"val_perf_dmcnogo":0.22499999403953552,"val_perf":0.3774999976158142,"val_perf_reactgo_s1":0.4000000059604645,"train/intra_area_penalty":8.760169407651119e-07,"parameters/rnn.rnncell.bias":{"_type":"histogram","values":[1,1,2,0,0,0,0,1,0,0,0,0,2,0,1,2,0,0,1,0,3,2,2,0,2,2,1,1,2,4,4,0,2,1,2,1,1,2,2,0,0,1,1,1,0,0,0,1,0,0,0,0,0,0,0,1,0,0,0,0,0,0,0,1],