{"validation/l1_sensory_activity":2.2450965531106704e-09,"parameters/readout.weight":{"values":[1,0,0,0,0,0,0,0,0,0,1,0,0,0,1,0,0,0,0,0,0,0,0,0,0,0,0,0,0,0,0,0,0,0,0,0,1,3,2,0,0,0,0,0,0,0,0,0,0,0,0,1,0,1,0,0,0,1,0,0,0,1,0,2],"bins":[-2.2552742958068848,-2.1956946849823,-2.1361148357391357,-2.076535224914551,-2.016955614089966,-1.9573758840560913,-1.8977961540222168,-1.8382164239883423,-1.7786366939544678,-1.7190570831298828,-1.6594773530960083,-1.5998976230621338,-1.5403180122375488,-1.4807382822036743,-1.4211585521697998,-1.3615789413452148,-1.3019992113113403,-1.2424194812774658,-1.1828398704528809,-1.1232601404190063,-1.0636804103851318,-1.0041007995605469,-0.9445210695266724,-0.8849413394927979,-0.8253616690635681,-0.7657819986343384,-0.7062022686004639,-0.6466225981712341,-0.5870429277420044,-0.5274631977081299,-0.46788352727890015,-0.408303827047348,-0.34872400760650635,-0.2891443073749542,-0.2295646220445633,-0.16998493671417236,-0.11040523648262024,-0.05082554370164871,0.008754149079322815,0.06833384186029434,0.12791353464126587,0.187493234872818,0.24707292020320892,0.30665260553359985,0.366232305765152,0.4258120059967041,0.48539167642593384,0.5449714064598083,0.6045510768890381,0.6641307473182678,0.7237104773521423,0.7832901477813721,0.8428698778152466,0.9024495482444763,0.962029218673706,1.0216089487075806,1.081188678741455,1.14076828956604,1.2003480195999146,1.259927749633789,1.319507360458374,1.3790870904922485,1.438666820526123,1.498246431350708,1.5578261613845825],"_type":"histogram"},"validation/density_FLN":17.084423065185547,"validation/intra_area_penalty":1.6864328600263434e-08,"val_perf_reactgo_s1":1,"_runtime":19704.100014,"val_perf_dmsgo":1,"val_perf":0.9437500238418579,"parameters/rnn.rnncell.weight_ih":{"values":[1,0,0,0,0,0,0,0,1,0,1,2,2,4,1,3,16,17,34,45,117,197,388,589,708,791,532,302,137,72,36,14,8,2,2,1,1,1,1,0,0,1,1,0,1,0,1,0,0,0,0,0,0,0,0,0,1,0,0,0,0,0,0,1],"bins":[-2.6753122806549072,-2.5679519176483154,-2.4605915546417236,-2.353231430053711,-2.245871067047119,-2.1385107040405273,-2.0311503410339355,-1.9237900972366333,-1.8164297342300415,-1.7090693712234497,-1.6017091274261475,-1.4943487644195557,-1.3869884014129639,-1.2796281576156616,-1.1722677946090698,-1.0649075508117676,-0.9575471878051758,-0.8501868844032288,-0.7428265810012817,-0.6354662179946899,-0.5281059145927429,-0.4207456111907959,-0.3133852779865265,-0.20602495968341827,-0.09866464138031006,0.008695676922798157,0.11605599522590637,0.2234163135290146,0.3307766318321228,0.4381369352340698,0.5454972982406616,0.6528576016426086,0.7602181434631348,0.8675784468650818,0.9749387502670288,1.0822991132736206,1.1896593570709229,1.2970197200775146,1.4043800830841064,1.5117403268814087,1.6191006898880005,1.7264610528945923,1.8338212966918945,1.9411816596984863,2.048542022705078,2.15590238571167,2.2632625102996826,2.3706228733062744,2.477983236312866,2.585343599319458,2.69270396232605,2.8000640869140625,2.9074244499206543,3.014784812927246,3.122145175933838,3.2295055389404297,3.3368659019470215,3.444226026535034,3.551586389541626,3.6589467525482178,3.7663071155548096,3.8736674785614014,3.981027603149414,4.088387966156006,4.195748329162598],"_type":"histogram"},"parameters/rnn.rnncell.bias":{"_type":"histogram","values":[1,0,0,0,1,2,0,0,2,0,1,2,0,6,6,12,12,14,6,14,8,13,6,16,6,4,6,7,3,4,3,4,3,3,2,3,4,0,1,3,1,0,2,0,0,0,1,1,1,1,0,1,1,0,1,1,0,1,0,0,0,1,0,1],"bins":[-0.49751725792884827,-0.4808799624443054,-0.4642426371574402,-0.44760531187057495,-0.4309680163860321,-0.41433072090148926,-0.397693395614624,-0.3810560703277588,-0.36441877484321594,-0.3477814793586731,-0.33114415407180786,-0.3145068287849426,-0.2978695333003998,-0.28123223781585693,-0.2645949125289917,-0.24795760214328766,-0.23132029175758362,-0.21468298137187958,-0.19804567098617554,-0.1814083606004715,-0.16477105021476746,-0.14813373982906342,-0.13149642944335938,-0.11485911905765533,-0.0982218086719513,-0.08158449828624725,-0.06494718790054321,-0.04830987751483917,-0.03167256712913513,-0.015035256743431091,0.0016020536422729492,0.01823936402797699,0.03487664461135864,0.05151395499706268,0.06815126538276672,0.08478857576847076,0.1014258861541748,0.11806319653987885,0.13470050692558289,0.15133781731128693,0.16797512769699097,0.184612438082695,0.20124974846839905,0.2178870588541031,0.23452436923980713,0.25116169452667236,0.2677989900112152,0.28443628549575806,0.3010736107826233,0.3177109360694885,0.33434823155403137,0.3509855270385742,0.36762285232543945,0.3842601776123047,0.40089747309684753,0.4175347685813904,0.4341720938682556,0.45080941915512085,0.4674467146396637,0.48408401012420654,0.5007213354110718,0.517358660697937,0.5339959859848022,0.5506332516670227,0.5672705769538879]},"validation/lambda_FLN":0.010527215898036957,"gradients/rnn.rnncell.weight_ih":{"_type":"histogram","values":[1,0,0,1,0,0,0,0,1,1,0,1,0,1,0,1,4,1,0,0,2,1,8,3936,41,3,4,3,3,3,0,1,2,1,0,0,1,0,0,0,0,1,0,2,1,1,2,0,0,2,1,0,0,0,0,0,0,0,0,0,0,0,0,1],"bins":[-0.18106870353221893,-0.17345446348190308,-0.16584022343158722,-0.15822598338127136,-0.1506117433309555,-0.14299750328063965,-0.1353832632303238,-0.12776902318000793,-0.12015478312969208,-0.11254054307937622,-0.10492630302906036,-0.0973120629787445,-0.08969782292842865,-0.08208358287811279,-0.07446934282779694,-0.06685510277748108,-0.05924086272716522,-0.051626622676849365,-0.04401238262653351,-0.03639814257621765,-0.028783902525901794,-0.021169662475585938,-0.01355542242527008,-0.005941182374954224,0.0016730576753616333,0.00928729772567749,0.016901537775993347,0.024515777826309204,0.03213001787662506,0.03974425792694092,0.047358497977256775,0.05497273802757263,0.0625869631767273,0.07020120322704315,0.07781544327735901,0.08542968332767487,0.09304392337799072,0.10065816342830658,0.10827240347862244,0.1158866435289383,0.12350088357925415,0.13111512362957,0.13872936367988586,0.14634360373020172,0.15395784378051758,0.16157208383083344,0.1691863238811493,0.17680056393146515,0.184414803981781,0.19202904403209686,0.19964328408241272,0.20725752413272858,0.21487176418304443,0.2224860042333603,0.23010024428367615,0.237714484333992,0.24532872438430786,0.2529429793357849,0.2605572044849396,0.26817142963409424,0.2757856845855713,0.28339993953704834,0.291014164686203,0.29862838983535767,0.3062426447868347]},"gradients/rnn.rnncell.weight_hh":{"bins":[-0.29217109084129333,-0.2736387848854065,-0.25510647892951965,-0.2365741729736328,-0.21804186701774597,-0.19950954616069794,-0.1809772402048111,-0.16244493424892426,-0.14391262829303741,-0.12538032233715057,-0.10684801638126373,-0.0883157029747963,-0.06978339701890945,-0.051251091063022614,-0.032718781381845474,-0.014186473563313484,0.004345834255218506,0.022878142073750496,0.041410449892282486,0.059942759573459625,0.07847506552934647,0.0970073714852333,0.11553968489170074,0.13407199084758759,0.15260429680347443,0.17113660275936127,0.1896689087152481,0.20820121467113495,0.22673353552818298,0.24526584148406982,0.26379814743995667,0.2823304533958435,0.30086278915405273,0.3193950951099396,0.3379274010658264,0.35645970702171326,0.3749920129776001,0.39352431893348694,0.4120566248893738,0.4305889308452606,0.44912123680114746,0.4676535725593567,0.48618587851524353,0.5047181844711304,0.5232504606246948,0.541782796382904,0.5603150725364685,0.5788474082946777,0.5973796844482422,0.6159120202064514,0.6344443559646606,0.6529766321182251,0.6715089678764343,0.6900412440299988,0.708573579788208,0.7271058559417725,0.7456381916999817,0.7641704678535461,0.7827028036117554,0.8012350797653198,0.819767415523529,0.8382996916770935,0.8568320274353027,0.8753643035888672,0.8938966393470764],"_type":"histogram","values":[1,0,1,2,3,2,2,5,7,2,13,20,38,39,101,36105,240,97,50,33,33,16,7,7,8,7,5,4,4,1,2,1,0,0,0,0,0,1,2,2,0,1,0,0,0,0,0,0,0,1,0,0,0,0,0,0,0,0,0,0,0,0,0,1]},"val_perf_delaygo_s1":0.9750000238418579,"validation/lambda":0.02381790429353714,"val_perf_fdgo_s1":1,"val_perf_reactanti_s1":1,"_timestamp":1.75581522968694e+09,"validation/density":6.2825517654418945,