{"parameters/rnn.rnncell.weight_hh":{"bins":[-0.8640787601470947,-0.8338969945907593,-0.803715169429779,-0.7735334038734436,-0.7433515787124634,-0.7131698131561279,-0.6829879879951477,-0.6528062224388123,-0.622624397277832,-0.5924426317214966,-0.5622608661651611,-0.5320790410041809,-0.5018972754478455,-0.4717154800891876,-0.4415336847305298,-0.41135188937187195,-0.3811700940132141,-0.3509882986545563,-0.32080650329589844,-0.2906247079372406,-0.26044291257858276,-0.23026113212108612,-0.20007935166358948,-0.16989755630493164,-0.1397157609462738,-0.10953396558761597,-0.07935217767953873,-0.04917038604617119,-0.01898859441280365,0.011193197220563889,0.04137498885393143,0.07155677676200867,0.1017385721206665,0.13192036747932434,0.16210216283798218,0.19228394329547882,0.22246573865413666,0.2526475191116333,0.28282931447029114,0.313011109828949,0.3431929051876068,0.37337470054626465,0.4035564959049225,0.4337382912635803,0.46392005681991577,0.4941018521785736,0.5242836475372314,0.5544654726982117,0.5846472382545471,0.6148290038108826,0.6450108289718628,0.6751925945281982,0.7053744196891785,0.7355561852455139,0.7657380104064941,0.7959197759628296,0.826101541519165,0.8562833666801453,0.8864651322364807,0.9166469573974609,0.9468287229537964,0.9770105481147766,1.0071923732757568,1.0373741388320923,1.0675559043884277],"_type":"histogram","values":[1,0,1,3,3,2,1,2,1,3,6,11,6,6,15,12,23,31,38,51,63,80,99,106,121,164,159,176,345,169,184,136,123,121,88,88,56,55,39,38,18,19,13,6,6,4,2,1,4,0,1,1,1,1,0,0,0,0,0,0,0,0,0,1]},"val_perf_reactgo_s1":1,"val_perf_delaygo_s1":1,"gradients/readout.weight":{"_type":"histogram","values":[1,0,0,0,0,0,0,0,0,0,0,0,0,0,0,0,0,0,0,0,0,0,0,0,0,1,0,0,0,0,0,0,0,0,0,1,0,0,0,0,1,0,0,1,0,1,0,0,1,0,0,0,0,1,1,0,0,1,0,0,1,0,0,1],"bins":[-0.14459368586540222,-0.14118196070194244,-0.13777023553848267,-0.13435852527618408,-0.1309468001127243,-0.12753507494926453,-0.12412334978580475,-0.12071163207292557,-0.11729990690946579,-0.11388818174600601,-0.11047646403312683,-0.10706473886966705,-0.10365301370620728,-0.1002412959933281,-0.09682957082986832,-0.09341785311698914,-0.09000612795352936,-0.08659440279006958,-0.0831826850771904,-0.07977095991373062,-0.07635924220085144,-0.07294751703739166,-0.06953579187393188,-0.0661240741610527,-0.06271234899759293,-0.05930062755942345,-0.05588890612125397,-0.05247718095779419,-0.04906545951962471,-0.04565373808145523,-0.04224201291799545,-0.038830291479825974,-0.03541857749223709,-0.03200685605406761,-0.028595132753252983,-0.025183409452438354,-0.021771688014268875,-0.018359966576099396,-0.014948243275284767,-0.011536520905792713,-0.00812479853630066,-0.004713076166808605,-0.0013013537973165512,0.0021103685721755028,0.005522090941667557,0.00893381331115961,0.012345535680651665,0.015757258981466293,0.019168980419635773,0.022580701857805252,0.02599242515861988,0.02940414845943451,0.03281586989760399,0.03622759133577347,0.039639316499233246,0.043051037937402725,0.046462759375572205,0.049874480813741684,0.05328620225191116,0.05669792741537094,0.06010964885354042,0.0635213702917099,0.06693309545516968,0.07034481316804886,0.07375653833150864]},"parameters/readout.weight":{"values":[1,0,0,0,0,0,0,0,0,0,0,0,0,0,0,0,1,0,0,0,0,0,0,0,0,0,0,1,1,0,1,1,1,0,0,0,0,0,0,0,0,0,0,0,0,0,0,0,0,2,1,0,0,0,0,0,0,0,0,0,1,0,0,1],"bins":[-1.768244981765747,-1.72653329372406,-1.6848217248916626,-1.6431100368499756,-1.6013983488082886,-1.5596866607666016,-1.517975091934204,-1.476263403892517,-1.43455171585083,-1.3928401470184326,-1.3511284589767456,-1.3094167709350586,-1.2677050828933716,-1.2259935140609741,-1.184281826019287,-1.1425701379776,-1.100858449935913,-1.0591468811035156,-1.0174351930618286,-0.9757235646247864,-0.9340118765830994,-0.8923002481460571,-0.8505885601043701,-0.8088769316673279,-0.7671653032302856,-0.7254536151885986,-0.6837419867515564,-0.6420302987098694,-0.6003186702728271,-0.5586069822311401,-0.5168953537940979,-0.4751836955547333,-0.4334719777107239,-0.39176031947135925,-0.35004866123199463,-0.30833700299263,-0.2666253447532654,-0.22491370141506195,-0.18320205807685852,-0.1414903998374939,-0.09977874159812927,-0.05806708708405495,-0.01635543256998062,0.025356221944093704,0.06706787645816803,0.10877953469753265,0.15049117803573608,0.1922028362751007,0.23391449451446533,0.27562615275382996,0.3173378109931946,0.3590494692325592,0.40076112747192383,0.44247275590896606,0.4841844141483307,0.5258960723876953,0.5676077604293823,0.6093193888664246,0.6510310173034668,0.6927427053451538,0.734454333782196,0.7761660218238831,0.8178776502609253,0.8595893383026123,0.9013009667396545],"_type":"histogram"},"val_perf_fdanti_v1":1,"train/wiring_entropy":-3.224026556836179e-08,"validation/dist*weight_reg":0.00027191711706109345,"validation/wiring_entropy":-3.2240315306353295e-08,"parameters/rnn.rnncell.bias":{"bins":[-0.3556267321109772,-0.3447861075401306,-0.33394545316696167,-0.3231048285961151,-0.31226417422294617,-0.3014235496520996,-0.29058292508125305,-0.2797422707080841,-0.26890164613723755,-0.2580609917640686,-0.24722036719322205,-0.2363797277212143,-0.22553908824920654,-0.2146984487771988,-0.20385782420635223,-0.19301718473434448,-0.18217654526233673,-0.17133590579032898,-0.16049526631832123,-0.14965464174747467,-0.13881400227546692,-0.12797336280345917,-0.11713272333145142,-0.10629209131002426,-0.09545145183801651,-0.08461081236600876,-0.0737701803445816,-0.06292954087257385,-0.0520889051258564,-0.04124826937913895,-0.030407631769776344,-0.019566994160413742,-0.008726358413696289,0.0021142782643437386,0.012954914942383766,0.02379555255174637,0.03463618829846382,0.045476824045181274,0.056317463517189026,0.06715809553861618,0.07799873501062393,0.08883937448263168,0.09968000650405884,0.11052064597606659,0.12136128544807434,0.1322019249200821,0.14304254949092865,0.1538831889629364,0.16472382843494415,0.1755644679069519,0.18640510737895966,0.1972457319498062,0.20808637142181396,0.21892701089382172,0.22976765036582947,0.24060828983783722,0.25144892930984497,0.26228955388069153,0.2731302082538605,0.28397083282470703,0.2948114573955536,0.30565211176872253,0.3164927363395691,0.32733339071273804,0.3381740152835846],"_type":"histogram","values":[1,0,0,0,0,0,0,0,0,0,0,0,0,0,0,1,1,4,0,0,1,0,1,0,2,1,2,2,1,0,4,3,1,1,1,3,1,4,1,1,3,0,2,0,0,0,1,4,0,0,0,0,0,0,2,0,0,0,1,1,0,0,0,1]},"validation/l1_sensory_activity":3.7608280933909555e-09,"validation/inputs_sum_to_spine_count_grad":0.00013039878103882074,"val_perf_delayanti_v1":0.75,"train/self_conn":6.578418378921924e-07,"validation/density":91.34616088867188,"trainer/global_step":39999,"gradients/rnn.rnncell.weight_hh":{"values":[1,1,3,1,1,0,2,3,1,3,4,0,1,8,2,1,6,10,4,10,13,16,24,32,36,63,72,100,102,149,258,599,354,217,116,106,96,53,59,48,29,14,12,12,7,7,3,4,8,1,5,4,6,2,1,1,3,2,1,1,1,2,0,3],