{"validation/dist*weight_reg":0.0002564117021393031,"val_perf_reactanti_s1":0.30000001192092896,"_timestamp":1.75561826714746e+09,"validation/density":97.53941345214844,"train/inputs_sum_to_spine_count_grad":0.00015191620332188904,"validation/val loss":1.908035159111023,"trainer/global_step":99,"validation/inputs_sum_to_spine_count_grad":0.00015191062993835658,"val_perf_reactanti_v1":0.20000000298023224,"train/total loss":1.7577675580978394,"val_perf_delaygo_s1":0.20000000298023224,"val_perf_fdanti_v1":0.20000000298023224,"train/task loss":1.7577675580978394,"val_perf_dmsnogo":0.1875,"train/wiring_entropy":-3.211086152532516e-08,"val_perf_reactgo_v1":0.20000000298023224,"validation/self_conn":9.426148039892723e-07,"val_perf_fdanti_s1":0.3499999940395355,"val_perf_dmcnogo":0.23749999701976776,"validation/density_FLN":86.69741821289062,"val_perf":0.22750000655651093,"validation/l1_sensory_activity":1.4655928692874909e-09,"val_perf_delaygo_v1":0.20000000298023224,"validation/intra_area_penalty":3.470671856575791e-07,"_runtime":213.4509,"validation/lambda_FLN":0.0018405080772936344,"_step":11,"val_perf_reactgo_s1":0.4000000059604645,"_wandb":{"runtime":224},"train/self_conn":9.426984206584166e-07,"val_perf_dmcgo":0.25,"train/dist*weight_reg":0.0002564240130595863,"val_perf_dmsgo":0.20000000298023224,"validation/wiring_entropy":-3.211086863075252e-08,"epoch":9,"validation/lambda":0.005006778985261917,"train/intra_area_penalty":3.471016896128276e-07,"train/l1_sensory_activity":2.3936317372630356e-09,"validation/spearman_corr":-0.01740196906030178,"val_perf_delayanti_v1":0.20000000298023224,"val_perf_fdgo_s1":0.20000000298023224,"val_perf_fdgo_v1":0.15000000596046448,"validation/spearman_corr_FLN":-0.003360473783686757,"val_perf_delayanti_s1":0.20000000298023224}