{"val_perf_reactgo_s1":0.4000000059604645,"train/total loss":1.132238507270813,"validation/spearman_corr_FLN":0.029693741351366043,"val_perf_delayanti_v1":0.20000000298023224,"train/wiring_entropy":-3.185439823027991e-08,"gradients/rnn.rnncell.bias":{"bins":[-0.49852454662323,-0.4832155704498291,-0.4679065942764282,-0.45259761810302734,-0.43728864192962646,-0.4219796657562256,-0.4066706895828247,-0.39136171340942383,-0.37605273723602295,-0.3607437312602997,-0.3454347550868988,-0.3301257789134979,-0.31481680274009705,-0.29950782656669617,-0.2841988503932953,-0.2688898742198944,-0.25358089804649353,-0.23827192187309265,-0.22296294569969177,-0.2076539695262909,-0.19234499335289001,-0.17703600227832794,-0.16172702610492706,-0.14641804993152618,-0.1311090737581253,-0.11580009758472443,-0.10049112141132355,-0.08518213778734207,-0.06987316161394119,-0.054564185440540314,-0.039255205541849136,-0.023946227505803108,-0.008637279272079468,0.00667169876396656,0.02198067680001259,0.037289656698703766,0.052598632872104645,0.06790760904550552,0.083216592669487,0.09852556884288788,0.11383454501628876,0.12914352118968964,0.14445249736309052,0.1597614735364914,0.17507046461105347,0.19037944078445435,0.20568841695785522,0.2209973931312561,0.23630636930465698,0.25161534547805786,0.26692432165145874,0.2822332978248596,0.2975422739982605,0.3128512501716614,0.32816022634506226,0.34346920251846313,0.358778178691864,0.3740871846675873,0.38939616084098816,0.40470513701438904,0.4200141131877899,0.4353230893611908,0.4506320655345917,0.46594104170799255,0.48125001788139343],"_type":"histogram","values":[1,0,0,0,0,0,0,0,0,2,0,0,0,0,0,0,0,0,0,2,0,1,1,1,0,2,0,1,1,1,1,4,28,1,0,1,1,0,1,1,4,1,1,2,1,0,1,0,0,0,1,0,0,0,0,0,1,0,1,0,1,0,0,1]},"validation/val loss":1.4050607681274414,"gradients/rnn.rnncell.weight_ih":{"_type":"histogram","values":[1,0,0,0,0,0,0,0,0,2,0,0,0,0,0,0,0,0,0,2,0,1,1,1,0,2,0,1,1,1,1,4,1337,2,1,2,1,1,2,2,5,3,1,3,1,0,1,0,0,0,2,0,0,0,0,0,1,0,1,0,1,0,0,1],"bins":[-0.49852779507637024,-0.48321598768234253,-0.4679042100906372,-0.4525924026966095,-0.4372805953025818,-0.42196881771087646,-0.40665701031684875,-0.39134520292282104,-0.3760334253311157,-0.360721617937088,-0.3454098105430603,-0.330098032951355,-0.31478622555732727,-0.29947441816329956,-0.28416264057159424,-0.26885083317756653,-0.2535390257835388,-0.2382272481918335,-0.2229154407978058,-0.20760364830493927,-0.19229185581207275,-0.17698004841804504,-0.16166825592517853,-0.146356463432312,-0.1310446560382843,-0.11573286354541779,-0.10042107105255127,-0.08510927110910416,-0.06979747116565704,-0.05448567867279053,-0.039173878729343414,-0.0238620825111866,-0.008550286293029785,0.006761510856449604,0.022073308005928993,0.03738510608673096,0.05269690230488777,0.06800869852304459,0.0833204984664917,0.09863229095935822,0.11394409090280533,0.12925589084625244,0.14456768333911896,0.15987947583198547,0.17519128322601318,0.1905030757188797,0.20581486821174622,0.22112667560577393,0.23643846809864044,0.25175026059150696,0.26706206798553467,0.28237384557724,0.2976856529712677,0.3129974603652954,0.32830923795700073,0.34362104535102844,0.35893285274505615,0.3742446303367615,0.3895564377307892,0.4048682451248169,0.4201800227165222,0.4354918301105499,0.45080363750457764,0.46611541509628296,0.48142722249031067]},"val_perf_dmcnogo":0.26249998807907104,"gradients/rnn.rnncell.weight_hh":{"bins":[-0.5759297013282776,-0.5565430521965027,-0.5371564030647278,-0.5177697539329529,-0.4983830749988556,-0.4789964258670807,-0.4596097469329834,-0.4402230978012085,-0.4208364486694336,-0.4014497995376587,-0.3820631504058838,-0.3626764714717865,-0.3432898223400116,-0.3239031732082367,-0.3045164942741394,-0.2851298451423645,-0.2657431960105896,-0.2463565468788147,-0.2269698828458786,-0.2075832188129425,-0.1881965696811676,-0.1688099205493927,-0.1494232565164566,-0.1300365924835205,-0.1106499433517456,-0.0912632867693901,-0.0718766301870346,-0.05248997360467911,-0.03310331702232361,-0.013716660439968109,0.00566999614238739,0.02505665272474289,0.04444324970245361,0.06382990628480911,0.08321656286716461,0.10260321944952011,0.12198987603187561,0.1413765251636505,0.1607631891965866,0.1801498532295227,0.1995365023612976,0.2189231514930725,0.2383098155260086,0.2576964795589447,0.2770831286907196,0.2964697778224945,0.3158564567565918,0.3352431058883667,0.3546297550201416,0.3740164041519165,0.3934030532836914,0.4127897322177887,0.4321763813495636,0.4515630304813385,0.4709497094154358,0.4903363585472107,0.5097230076789856,0.5291096568107605,0.5484963059425354,0.5678829550743103,0.58726966381073,0.6066563129425049,0.6260429620742798,0.6454296112060547,0.6648162603378296],"_type":"histogram","values":[1,0,0,0,1,2,1,1,2,2,1,4,8,5,1,7,9,8,8,11,12,16,27,26,39,44,48,71,113,3186,168,91,67,77,49,41,35,26,22,14,17,14,15,7,8,12,9,6,5,3,1,6,1,1,1,1,1,0,1,0,1,0,1,1]},"val_perf_delaygo_s1":0.5,"_timestamp":1.755643694554676e+09,"val_perf_fdanti_v1":0.4000000059604645,"val_perf_delaygo_v1":0.42500001192092896,"validation/lambda_FLN":-0.005614581052213907,"val_perf_reactgo_v1":0.4000000059604645,"train/task loss":1.132238507270813,"parameters/rnn.rnncell.weight_hh":{"_type":"histogram","values":[1,0,0,1,0,0,2,1,5,3,5,13,17,26,26,40,68,97,112,130,160,175,205,182,209,181,202,229,327,179,210,178,206,195,184,175,139,136,112,78,50,41,28,8,4,2,5,4,2,1,0,0,1,0,0,0,0,0,0,0,0,0,0,1],"bins":[-0.7920976877212524,-0.764518678188324,-0.7369396686553955,-0.709360659122467,-0.6817816495895386,-0.6542026400566101,-0.6266235709190369,-0.5990445613861084,-0.5714655518531799,-0.5438865423202515,-0.516307532787323,-0.48872852325439453,-0.46114951372146606,-0.4335705041885376,-0.40599146485328674,-0.3784124553203583,-0.3508334457874298,-0.32325443625450134,-0.2956754267215729,-0.268096387386322,-0.24051737785339355,-0.2129383683204651,-0.18535935878753662,-0.15778033435344696,-0.1302013248205185,-0.10262230783700943,-0.07504329085350037,-0.0474642813205719,-0.019885264337062836,0.007693750783801079,0.03527276590466499,0.06285177916288376,0.09043079614639282,0.11800981312990189,0.14558883011341095,0.17316783964633942,0.20074686408042908,0.22832587361335754,0.255904883146286,0.2834838926792145,0.31106293201446533,0.3386419415473938,0.36622095108032227,0.39379996061325073,0.4213789701461792,0.44895797967910767,0.4765370190143585,0.5041159987449646,0.5316950082778931,0.5592740774154663,0.5868530869483948,0.6144320964813232,0.6420111060142517,0.6695901155471802,0.6971691250801086,0.7247481346130371,0.7523271441459656,0.779906153678894,0.8074851632118225,0.8350642323493958,0.8626432418823242,0.8902222514152527,0.9178012609481812,0.9453802704811096,0.9729592800140381]},"validation/density":95.50045776367188,"validation/dist*weight_reg":0.0003917519352398813,"train/inputs_sum_to_spine_count_grad":0.0004040243511553854,"epoch":99,"val_perf_dmsnogo":0.3499999940395355,"parameters/rnn.rnncell.bias":{"_type":"histogram","values":[1,0,1,0,0,0,0,0,1,0,0,1,0,7,5,4,1,1,2,2,2,3,2,1,3,2,1,3,2,5,1,0,6,2,0,0,1,0,1,0,0,2,1,0,1,0,0,0,0,0,0,0,0,0,0,0,0,0,0,0,0,0,0,1],