{"train/total loss":0.31501343846321106,"gradients/rnn.rnncell.weight_ih":{"_type":"histogram","values":[2,0,0,2,0,0,0,0,0,0,0,0,2,1,1,2,1,0,1,2,2,4,4,4,2,1010,34,3,0,1,3,0,0,1,1,0,1,0,0,1,0,0,0,0,1,0,1,0,0,0,0,1,1,0,0,0,0,0,0,0,0,0,2,1],"bins":[-0.07793563604354858,-0.07492804527282715,-0.07192046195268631,-0.06891287118196487,-0.06590528786182404,-0.0628976970911026,-0.05989011004567146,-0.056882523000240326,-0.05387493595480919,-0.05086734890937805,-0.047859761863946915,-0.04485217481851578,-0.04184458404779434,-0.038836997002363205,-0.03582940995693207,-0.03282182291150093,-0.029814235866069794,-0.026806648820638657,-0.02379906177520752,-0.020791472867131233,-0.017783885821700096,-0.014776298776268959,-0.011768710799515247,-0.008761122822761536,-0.0057535357773303986,-0.002745948266237974,0.0002616392448544502,0.0032692267559468746,0.006276814267039299,0.009284401312470436,0.012291989289224148,0.01529957726597786,0.0183071568608284,0.021314743906259537,0.024322330951690674,0.02732991985976696,0.030337506905198097,0.033345095813274384,0.03635268285870552,0.03936026990413666,0.042367856949567795,0.04537544399499893,0.04838303104043007,0.051390618085861206,0.05439820885658264,0.05740579590201378,0.060413382947444916,0.06342096626758575,0.06642855703830719,0.06943614780902863,0.07244373112916946,0.0754513218998909,0.07845890522003174,0.08146649599075317,0.08447407931089401,0.08748167008161545,0.09048925340175629,0.09349684417247772,0.09650443494319916,0.09951201826334,0.10251960903406143,0.10552719235420227,0.1085347831249237,0.11154236644506454,0.11454995721578598]},"val_perf_reactanti_v1":1,"parameters/readout.weight":{"_type":"histogram","values":[2,0,0,0,0,0,0,0,0,0,0,0,0,0,0,0,0,0,0,0,0,0,1,0,0,0,0,1,0,0,0,1,0,3,0,1,0,0,0,0,0,0,0,0,0,0,0,1,0,0,0,0,0,0,0,0,0,1,0,0,0,0,0,1],"bins":[-1.763213872909546,-1.7075674533843994,-1.6519209146499634,-1.596274495124817,-1.5406279563903809,-1.4849815368652344,-1.429335117340088,-1.3736885786056519,-1.3180421590805054,-1.2623957395553589,-1.2067492008209229,-1.1511027812957764,-1.0954563617706299,-1.0398098230361938,-0.9841634035110474,-0.9285169243812561,-0.8728704452514648,-0.8172239661216736,-0.7615774869918823,-0.7059310674667358,-0.6502845883369446,-0.5946381092071533,-0.5389916896820068,-0.4833452105522156,-0.4276987314224243,-0.37205225229263306,-0.3164058029651642,-0.2607593536376953,-0.20511287450790405,-0.149466410279274,-0.09381994605064392,-0.038173481822013855,0.01747298240661621,0.07311944663524628,0.12876591086387634,0.1844123750925064,0.24005883932113647,0.29570531845092773,0.3513517677783966,0.4069982171058655,0.46264469623565674,0.518291175365448,0.5739376544952393,0.6295840740203857,0.685230553150177,0.7408770322799683,0.7965234518051147,0.852169930934906,0.9078164100646973,0.9634628891944885,1.0191093683242798,1.0747557878494263,1.1304023265838623,1.1860487461090088,1.2416951656341553,1.2973417043685913,1.3529881238937378,1.4086345434188843,1.4642810821533203,1.5199275016784668,1.5755739212036133,1.6312204599380493,1.6868668794631958,1.7425134181976318,1.7981598377227783]},"val_perf_fdgo_v1":1,"gradients/readout.weight":{"_type":"histogram","values":[1,0,0,0,0,0,0,0,0,0,0,0,0,0,0,0,0,0,0,1,1,0,0,0,0,0,1,0,0,1,0,0,0,0,0,0,1,0,0,0,0,0,0,0,0,2,0,0,0,0,0,0,0,0,1,0,0,0,0,0,0,0,0,3],"bins":[-0.19423559308052063,-0.19118952751159668,-0.18814346194267273,-0.18509739637374878,-0.18205131590366364,-0.17900525033473969,-0.17595918476581573,-0.17291311919689178,-0.16986705362796783,-0.16682098805904388,-0.16377490758895874,-0.1607288420200348,-0.15768277645111084,-0.1546367108821869,-0.15159064531326294,-0.148544579744339,-0.14549851417541504,-0.1424524337053299,-0.13940636813640594,-0.136360302567482,-0.13331423699855804,-0.1302681714296341,-0.12722210586071014,-0.1241760328412056,-0.12112995982170105,-0.1180838942527771,-0.11503782868385315,-0.1119917631149292,-0.10894569009542465,-0.1058996245265007,-0.10285355895757675,-0.0998074859380722,-0.09676142036914825,-0.0937153548002243,-0.09066928923130035,-0.0876232162117958,-0.08457715064287186,-0.0815310850739479,-0.07848501205444336,-0.07543894648551941,-0.07239288091659546,-0.06934680789709091,-0.06630074232816696,-0.06325467675924301,-0.06020860746502876,-0.057162538170814514,-0.054116472601890564,-0.051070403307676315,-0.04802433401346207,-0.044978268444538116,-0.04193219915032387,-0.03888613358139992,-0.03584006428718567,-0.03279399499297142,-0.02974792756140232,-0.02670186012983322,-0.023655792698264122,-0.020609725266695023,-0.017563655972480774,-0.014517588540911674,-0.011471521109342575,-0.008425452746450901,-0.005379385314881802,-0.002333317417651415,0.0007127505959942937]},"validation/inputs_sum_to_spine_count_grad":0.00021286733681336045,"validation/spearman_corr_FLN":-0.014135206118226051,"val_perf_reactgo_s1":1,"validation/lambda":0.0017580223502591252,"val_perf_delayanti_v1":0.800000011920929,"train/wiring_entropy":-3.235509993260166e-08,"validation/val loss":0.6322192549705505,"validation/dist*weight_reg":0.0006989948451519012,"val_perf_dmcnogo":0.675000011920929,"val_perf_delaygo_s1":0.925000011920929,"_timestamp":1.755846478360946e+09,"validation/l1_sensory_activity":3.03473712826019e-09,"val_perf_fdanti_s1":1,"_step":999,"val_perf_dmsgo":0.987500011920929,"gradients/rnn.rnncell.bias":{"values":[1,1,0,1,0,0,0,0,0,0,0,0,1,1,1,1,1,0,1,2,2,2,3,4,1,10,5,3,0,0,3,0,0,1,0,0,1,0,0,0,0,0,0,0,1,0,1,0,0,0,0,1,1,0,0,0,0,0,0,0,0,0,0,2],"bins":[-0.07773874700069427,-0.07473975419998169,-0.0717407613992691,-0.06874176859855652,-0.06574277579784393,-0.06274378299713135,-0.05974479392170906,-0.056745801120996475,-0.05374680832028389,-0.050747815519571304,-0.04774882271885872,-0.04474982991814613,-0.041750840842723846,-0.03875184804201126,-0.035752855241298676,-0.03275386244058609,-0.029754869639873505,-0.02675587683916092,-0.023756884038448334,-0.020757893100380898,-0.017758900299668312,-0.014759907498955727,-0.011760915629565716,-0.008761923760175705,-0.0057629309594631195,-0.0027639386244118214,0.00023505371063947678,0.003234046045690775,0.006233038380742073,0.009232031181454659,0.01223102305084467,0.01523001492023468,0.01822900027036667,0.021227993071079254,0.02422698587179184,0.027225976809859276,0.03022496961057186,0.0332239605486393,0.03622295334935188,0.03922194615006447,0.042220938950777054,0.04521993175148964,0.048218924552202225,0.05121791735291481,0.0542169064283371,0.05721589922904968,0.06021489202976227,0.06321388483047485,0.06621287763118744,0.06921187043190002,0.07221086323261261,0.0752098560333252,0.07820884883403778,0.08120784163475037,0.08420683443546295,0.08720582723617554,0.09020482003688812,0.09320380538702011,0.0962027981877327,0.09920179098844528,0.10220078378915787,0.10519977658987045,0.10819876939058304,0.11119776219129562,0.11419675499200821],"_type":"histogram"},"train/intra_area_penalty":6.725549610564485e-07,"val_perf_dmcgo":0.7875000238418579,"_wandb":{"runtime":23260},"val_perf_delayanti_s1":0.7749999761581421,"parameters/rnn.rnncell.bias":{"values":[1,1,0,0,0,1,0,0,1,0,3,0,0,0,0,2,1,0,3,1,1,0,0,0,2,3,0,2,1,3,1,0,2,3,3,0,1,1,1,1,2,3,0,0,1,0,1,1,3,0,0,0,1,0,0,0,0,0,0,0,0,0,0,1],