{"val_perf_fdanti_s1":0.25,"val_perf_delayanti_s1":0.20000000298023224,"_wandb":{"runtime":284},"validation/spearman_corr_FLN":-0.07205071300268173,"val_perf_delaygo_s1":0.22499999403953552,"train/wiring_entropy":-0.00309498212300241,"_runtime":274.14877,"validation/dist*weight_reg":2.0537185668945312,"validation/lambda":0.004078253637999296,"validation/lambda_FLN":0.0034636110067367554,"val_perf_fdgo_v1":0.20000000298023224,"val_perf_delaygo_v1":0.20000000298023224,"train/l2_activity":0.007143691182136536,"validation/density":99.4679946899414,"val_perf_fdgo_s1":0.22499999403953552,"train/total loss":4.154622554779053,"train/dist*weight_reg":2.0563838481903076,"val_perf_dmsgo":0.375,"val_perf_delayanti_v1":0.20000000298023224,"epoch":9,"validation/density_FLN":95.32080078125,"_step":11,"trainer/global_step":99,"train/task loss":2.081360101699829,"val_perf_reactanti_s1":0.25,"validation/spearman_corr":-0.08828124403953552,"_timestamp":1.755176002547075e+09,"validation/wiring_entropy":-0.0030948766507208347,"val_perf_dmsnogo":0.42500001192092896,"validation/val loss":3.8852922916412354,"val_perf_dmcnogo":0.25,"validation/l2_activity":0.005411525256931782,"val_perf":0.28125,"validation/l2_weight":0.012820241041481495,"val_perf_reactanti_v1":0.25,"val_perf_reactgo_s1":0.42500001192092896,"val_perf_reactgo_v1":0.3499999940395355,"val_perf_dmcgo":0.17499999701976776,"train/l2_weight":0.012830190360546112,"val_perf_fdanti_v1":0.4000000059604645}