{"validation/spearman_corr_FLN":-0.11487867683172226,"_step":11,"train/l1_sensory_activity":9.566556435913753e-09,"val_perf_reactgo_s1":0.17499999701976776,"train/intra_area_penalty":2.7019351200863184e-09,"val_perf_delayanti_s1":0.20000000298023224,"validation/density_FLN":80.77798461914062,"train/task loss":4.0479230880737305,"val_perf_dmsgo":0.20000000298023224,"epoch":9,"validation/l1_sensory_activity":8.99761653272435e-06,"validation/dist*weight_reg":2.148916482925415,"val_perf_dmsnogo":0.20000000298023224,"val_perf_delayanti_v1":0.20000000298023224,"val_perf_delaygo_v1":0.20000000298023224,"_timestamp":1.754902998009411e+09,"val_perf_fdgo_v1":0.20000000298023224,"train/dist*weight_reg":2.1619181632995605,"validation/density":91.38996887207031,"val_perf_dmcnogo":0.15000000596046448,"validation/self_conn":1.7186696510407273e-08,"val_perf_dmcgo":0.15000000596046448,"val_perf_reactanti_v1":0.20000000298023224,"validation/spearman_corr":-0.12048407644033432,"train/total loss":4.0479230880737305,"val_perf_fdgo_s1":0.20000000298023224,"val_perf_fdanti_s1":0.20000000298023224,"train/self_conn":1.718718500853811e-08,"val_perf_fdanti_v1":0.20000000298023224,"validation/val loss":4.175556182861328,"val_perf_delaygo_s1":0.20000000298023224,"validation/lambda":0.0022594064939767122,"_runtime":311.497338,"trainer/global_step":99,"val_perf_reactgo_v1":0.20000000298023224,"val_perf_reactanti_s1":0.20000000298023224,"validation/lambda_FLN":0.0018961757887154818,"val_perf":0.1887499988079071,"validation/intra_area_penalty":2.701794121762191e-09,"_wandb":{"runtime":322}}