{"_timestamp":1.755822062515151e+09,"validation/self_conn":8.564653626308427e-07,"train/self_conn":8.561756317249092e-07,"validation/spearman_corr":0.004828492179512978,"val_perf_reactgo_s1":0.375,"train/l1_sensory_activity":1.0087972679428958e-09,"val_perf_delaygo_s1":0.20000000298023224,"_step":27,"val_perf_fdanti_s1":0.20000000298023224,"train/task loss":1.870888113975525,"train/dist*weight_reg":0.0002836254134308547,"validation/val loss":2.012089729309082,"epoch":19,"val_perf_reactanti_v1":0.20000000298023224,"val_perf_delaygo_v1":0.15000000596046448,"train/total loss":1.870888113975525,"validation/lambda_FLN":0.0013344920007511973,"val_perf_fdanti_v1":0.44999998807907104,"_runtime":631.265712,"validation/wiring_entropy":-3.242084645194154e-08,"validation/density":97.07840728759766,"val_perf_reactgo_v1":0.20000000298023224,"validation/lambda":-0.0011630951194092631,"val_perf_fdgo_s1":0.20000000298023224,"validation/inputs_sum_to_spine_count_grad":0.00015417578106280416,"val_perf_dmcnogo":0.2750000059604645,"val_perf_dmsgo":0.07500000298023224,"val_perf_delayanti_v1":0.15000000596046448,"val_perf_fdgo_v1":0.20000000298023224,"train/wiring_entropy":-3.242067592168496e-08,"validation/spearman_corr_FLN":-0.004591604694724083,"val_perf_dmsnogo":0,"validation/dist*weight_reg":0.00028362704324536026,"validation/l1_sensory_activity":1.156572948524115e-09,"val_perf_dmcgo":0.11249999701976776,"trainer/global_step":399,"validation/density_FLN":85.28106689453125,"train/inputs_sum_to_spine_count_grad":0.0001541797537356615,"_wandb":{"runtime":641},"val_perf_reactanti_s1":0.20000000298023224,"train/intra_area_penalty":2.8459334089347976e-07,"val_perf_delayanti_s1":0.20000000298023224,"val_perf":0.18250000476837158,"validation/intra_area_penalty":2.8474346436269116e-07}