{"validation/intra_area_penalty":4.58870497155317e-09,"val_perf_delayanti_v1":0.20000000298023224,"parameters/rnn.rnncell.weight_hh":{"values":[3,0,0,0,0,0,0,1,0,0,1,4,0,0,7,6,15,13,15,18,28,34,51,69,87,197,357,724,2298,30830,723,452,296,175,149,91,69,42,37,16,16,10,5,5,5,2,1,3,0,1,3,1,1,0,0,1,0,0,0,0,1,0,0,1],"bins":[-0.5281780362129211,-0.5100226402282715,-0.4918672442436218,-0.4737118184566498,-0.4555564224720001,-0.43740102648735046,-0.4192456007003784,-0.40109020471572876,-0.3829348087310791,-0.36477941274642944,-0.3466240167617798,-0.32846859097480774,-0.3103131949901581,-0.2921577990055084,-0.2740023732185364,-0.2558469772338867,-0.23769158124923706,-0.2195361852645874,-0.20138077437877655,-0.1832253634929657,-0.16506996750831604,-0.14691457152366638,-0.12875916063785553,-0.11060375720262527,-0.09244835376739502,-0.07429295033216476,-0.05613754689693451,-0.037982143461704254,-0.019826740026474,-0.001671336591243744,0.01648406684398651,0.034639470279216766,0.052794814109802246,0.0709502175450325,0.08910562098026276,0.10726102441549301,0.12541642785072327,0.14357182383537292,0.16172723472118378,0.17988264560699463,0.1980380415916443,0.21619343757629395,0.2343488484621048,0.25250425934791565,0.2706596553325653,0.28881505131721497,0.306970477104187,0.32512587308883667,0.34328126907348633,0.361436665058136,0.37959206104278564,0.3977474868297577,0.41590288281440735,0.434058278799057,0.45221370458602905,0.4703691005706787,0.48852449655532837,0.506679892539978,0.5248352885246277,0.5429906845092773,0.5611461400985718,0.5793015360832214,0.5974569320678711,0.6156123280525208,0.6337677240371704],"_type":"histogram"},"val_perf":0.3199999928474426,"train/l1_sensory_activity":1.6459835716631233e-09,"validation/spearman_corr":-0.2988031506538391,"val_perf_delaygo_v1":0.4000000059604645,"val_perf_reactanti_v1":0.22499999403953552,"_timestamp":1.754909365078429e+09,"train/intra_area_penalty":4.5865893305574446e-09,"val_perf_fdanti_v1":0,"parameters/rnn.rnncell.weight_ih":{"values":[1,0,0,0,0,0,0,0,0,2,1,2,1,5,0,5,6,8,16,26,38,57,60,69,97,143,182,203,218,215,261,254,280,269,277,255,220,190,135,133,121,83,59,36,31,25,15,5,8,5,5,1,1,2,1,0,2,0,0,0,0,0,2,1],"bins":[-1.2295840978622437,-1.19193696975708,-1.154289722442627,-1.1166425943374634,-1.0789954662322998,-1.0413482189178467,-1.003701090812683,-0.9660539031028748,-0.9284067153930664,-0.8907595276832581,-0.8531123399734497,-0.8154652118682861,-0.7778180241584778,-0.7401708364486694,-0.7025237083435059,-0.6648765206336975,-0.6272293329238892,-0.5895821452140808,-0.5519349575042725,-0.5142878293991089,-0.47664064168930054,-0.4389934539794922,-0.4013462960720062,-0.36369913816452026,-0.3260519504547119,-0.28840476274490356,-0.2507576048374176,-0.21311043202877045,-0.1754632592201233,-0.13781608641147614,-0.10016891360282898,-0.06252174079418182,-0.02487468719482422,0.012772485613822937,0.05041965842247009,0.08806683123111725,0.1257140040397644,0.16336117684841156,0.20100834965705872,0.23865552246570587,0.276302695274353,0.3139498829841614,0.35159704089164734,0.3892441987991333,0.42689138650894165,0.46453857421875,0.5021857023239136,0.5398328900337219,0.5774800777435303,0.6151272654533386,0.652774453163147,0.6904215812683105,0.7280687689781189,0.7657159566879272,0.8033630847930908,0.8410102725028992,0.8786574602127075,0.9163046479225159,0.9539518356323242,0.9915989637374878,1.0292460918426514,1.0668933391571045,1.104540467262268,1.1421877145767212,1.1798348426818848],"_type":"histogram"},"validation/l1_sensory_activity":2.137138688240725e-09,"gradients/readout.weight":{"_type":"histogram","values":[2,0,0,0,0,0,0,0,0,0,0,0,0,0,0,0,0,0,0,0,0,0,0,0,0,0,0,0,0,0,1,0,0,0,0,0,0,9,0,0,0,0,0,0,0,0,0,0,0,0,0,0,0,0,0,0,0,0,0,0,1,0,1,1],"bins":[-0.1279945969581604,-0.12457769364118576,-0.12116079032421112,-0.11774388700723648,-0.11432698369026184,-0.1109100803732872,-0.10749317705631256,-0.10407627373933792,-0.10065937042236328,-0.09724246710538864,-0.093825563788414,-0.09040866047143936,-0.08699175715446472,-0.08357485383749008,-0.08015795052051544,-0.0767410472035408,-0.07332414388656616,-0.06990724802017212,-0.06649034470319748,-0.06307344138622284,-0.0596565343439579,-0.05623963102698326,-0.05282272771000862,-0.04940582439303398,-0.04598892480134964,-0.042572021484375,-0.03915511816740036,-0.03573821485042572,-0.03232131153345108,-0.02890440821647644,-0.0254875048995018,-0.02207060158252716,-0.01865369826555252,-0.01523679494857788,-0.011819891631603241,-0.008402989245951176,-0.004986085928976536,-0.0015691828448325396,0.0018477202393114567,0.005264623090624809,0.00868152640759945,0.012098429724574089,0.015515333041548729,0.01893223635852337,0.02234913781285286,0.0257660411298275,0.02918294444680214,0.03259984776377678,0.03601675108075142,0.03943365439772606,0.0428505577147007,0.04626746103167534,0.04968436434864998,0.05310126766562462,0.05651817098259926,0.0599350742995739,0.06335197389125824,0.06676887720823288,0.07018578052520752,0.07360268384218216,0.0770195871591568,0.08043649047613144,0.08385339379310608,0.08727029711008072,0.09068720042705536]},"validation/lambda":0.02388080768287182,"validation/dist*weight_reg":0.0536956749856472,"parameters/rnn.rnncell.bias":{"_type":"histogram","values":[1,0,0,0,0,0,0,1,0,0,0,0,1,2,2,4,4,3,3,6,3,7,7,8,5,10,7,5,11,6,10,6,5,5,4,4,5,6,3,4,5,4,6,2,2,5,6,2,5,1,1,0,1,0,0,1,0,0,2,0,0,0,0,1],"bins":[-0.3491158187389374,-0.3386417627334595,-0.32816773653030396,-0.31769371032714844,-0.30721965432167053,-0.2967455983161926,-0.2862715721130371,-0.2757975459098816,-0.2653234899044037,-0.2548494338989258,-0.24437540769577026,-0.23390136659145355,-0.22342732548713684,-0.21295328438282013,-0.20247924327850342,-0.1920052021741867,-0.18153116106987,-0.17105711996555328,-0.16058307886123657,-0.15010903775691986,-0.13963499665260315,-0.12916095554828644,-0.11868691444396973,-0.10821287333965302,-0.0977388322353363,-0.08726479113101959,-0.07679075002670288,-0.06631670892238617,-0.05584266781806946,-0.04536862671375275,-0.034894585609436035,-0.024420544505119324,-0.013946533203125,-0.0034724920988082886,0.007001549005508423,0.017475590109825134,0.027949631214141846,0.03842367231845856,0.04889771342277527,0.05937175452709198,0.06984579563140869,0.0803198367357254,0.09079387784004211,0.10126791894435883,0.11174196004867554,0.12221600115299225,0.13269004225730896,0.14316408336162567,0.15363812446594238,0.1641121655702591,0.1745862066745758,0.18506024777889252,0.19553428888320923,0.20600832998752594,0.21648237109184265,0.22695641219615936,0.23743045330047607,0.24790449440479279,0.2583785355091095,0.2688525915145874,0.2793266177177429,0.28980064392089844,0.30027469992637634,0.31074875593185425,0.32122278213500977]},"val_perf_dmsnogo":0.21250000596046448,"train/self_conn":1.7456901701962124e-08,"val_perf_reactgo_v1":0.20000000298023224,"val_perf_dmcnogo":0.2750000059604645,