{"validation/density_FLN":85.46439361572266,"epoch":9,"val_perf_fdgo_s1":0.15000000596046448,"validation/val loss":2.169334888458252,"train/inputs_sum_to_spine_count_grad":6.946980283828452e-05,"val_perf_reactanti_s1":0.4749999940395355,"_step":11,"_timestamp":1.754899153211982e+09,"val_perf_dmsgo":0.20000000298023224,"validation/lambda_FLN":0.00016453501302748919,"validation/spearman_corr_FLN":-0.023753883317112923,"val_perf_fdanti_s1":0.20000000298023224,"train/intra_area_penalty":3.264128451974102e-07,"val_perf_fdanti_v1":0.17499999701976776,"validation/inputs_sum_to_spine_count_grad":6.94386544637382e-05,"validation/intra_area_penalty":3.263537564635044e-07,"val_perf_reactanti_v1":0.20000000298023224,"val_perf_dmsnogo":0.20000000298023224,"train/total loss":2.765207290649414,"validation/self_conn":8.484661293550744e-07,"val_perf_fdgo_v1":0.574999988079071,"validation/wiring_entropy":-3.254542590980236e-08,"validation/spearman_corr":-0.021522842347621918,"_runtime":201.54656,"validation/l1_sensory_activity":1.79678749656631e-09,"val_perf_delayanti_v1":0.20000000298023224,"trainer/global_step":99,"val_perf_delaygo_s1":0.20000000298023224,"validation/lambda":0.00020015709742438048,"val_perf_dmcgo":0.25,"validation/density":97.54268646240234,"val_perf":0.26124998927116394,"train/wiring_entropy":-3.25457207850377e-08,"train/task loss":2.765207290649414,"val_perf_delaygo_v1":0.20000000298023224,"val_perf_delayanti_s1":0.20000000298023224,"validation/dist*weight_reg":0.20465582609176636,"train/dist*weight_reg":0.20489147305488586,"val_perf_reactgo_s1":0.20000000298023224,"val_perf_reactgo_v1":0.4749999940395355,"train/self_conn":8.486146043651388e-07,"val_perf_dmcnogo":0.3375000059604645,"_wandb":{"runtime":212},"train/l1_sensory_activity":1.930971382790858e-09}