{"val_perf_fdgo_s1":1,"_step":47,"val_perf_delayanti_v1":0.17499999701976776,"validation/val loss":0.8717551231384277,"val_perf_dmsgo":0.612500011920929,"val_perf_reactanti_s1":1,"parameters/rnn.rnncell.weight_ih":{"bins":[-0.916113555431366,-0.8900061845779419,-0.8638988137245178,-0.837791383266449,-0.8116840124130249,-0.7855766415596008,-0.7594692707061768,-0.7333618998527527,-0.7072545289993286,-0.6811470985412598,-0.6550397276878357,-0.6289323568344116,-0.6028249859809875,-0.5767176151275635,-0.5506101846694946,-0.5245028138160706,-0.4983954429626465,-0.4722880721092224,-0.44618067145347595,-0.4200733006000519,-0.3939658999443054,-0.36785852909088135,-0.3417511582374573,-0.3156437575817108,-0.28953638672828674,-0.26342901587486267,-0.2373216152191162,-0.21121424436569214,-0.18510685861110687,-0.1589994728565216,-0.13289210200309753,-0.10678471624851227,-0.08067739009857178,-0.05457000806927681,-0.028462626039981842,-0.0023552440106868744,0.023752138018608093,0.04985952004790306,0.07596690207719803,0.1020742803812027,0.12818166613578796,0.15428905189037323,0.1803964376449585,0.20650380849838257,0.23261119425296783,0.2587185800075531,0.2848259508609772,0.31093335151672363,0.3370407223701477,0.3631480932235718,0.38925549387931824,0.4153628647327423,0.44147026538848877,0.46757763624191284,0.4936850070953369,0.519792377948761,0.5458997488021851,0.5720071792602539,0.598114550113678,0.624221920967102,0.6503292918205261,0.6764366626739502,0.702544093132019,0.7286514639854431,0.7547588348388672],"_type":"histogram","values":[1,0,0,0,0,1,1,1,1,1,3,1,7,7,5,16,15,19,20,37,32,46,56,77,111,98,110,128,120,161,152,147,182,186,177,167,172,172,165,142,137,128,109,120,90,93,70,50,64,36,34,27,23,16,9,10,6,6,4,3,4,1,0,3]},"val_perf_dmsnogo":0.987500011920929,"_wandb":{"runtime":513},"val_perf_fdgo_v1":1,"train/l1_activity":0,"validation/lambda_FLN":2.7529845237731934,"val_perf_fdanti_s1":1,"val_perf_fdanti_v1":1,"val_perf_delayanti_s1":0.375,"_timestamp":1.754744811530645e+09,"parameters/readout.weight":{"_type":"histogram","values":[1,1,1,1,1,2,0,2,1,1,7,3,2,6,13,10,18,13,8,8,10,17,15,14,13,22,21,20,14,11,16,15,18,15,21,20,21,17,16,25,11,9,9,15,5,7,7,9,1,9,4,4,2,1,4,0,1,1,0,0,0,0,0,1],"bins":[-0.17195339500904083,-0.16634699702262878,-0.16074061393737793,-0.15513421595096588,-0.14952783286571503,-0.14392143487930298,-0.13831505179405212,-0.13270865380764008,-0.12710225582122803,-0.12149587273597717,-0.11588948220014572,-0.11028309166431427,-0.10467669367790222,-0.09907030314207077,-0.09346391260623932,-0.08785752207040787,-0.08225113153457642,-0.07664474099874496,-0.07103835046291351,-0.06543195992708206,-0.05982556566596031,-0.05421917513012886,-0.04861278086900711,-0.04300639033317566,-0.03739999979734421,-0.031793609261512756,-0.026187216863036156,-0.020580824464559555,-0.014974433928728104,-0.009368042461574078,-0.0037616509944200516,0.0018447404727339745,0.007451117038726807,0.013057508505880833,0.01866389997303486,0.02427029237151146,0.02987668290734291,0.03548307344317436,0.04108946770429611,0.046695858240127563,0.052302248775959015,0.057908639311790466,0.06351502984762192,0.06912142038345337,0.07472781836986542,0.08033420890569687,0.08594059944152832,0.09154698997735977,0.09715338051319122,0.10275977104902267,0.10836616158485413,0.11397255212068558,0.11957894265651703,0.12518534064292908,0.13079172372817993,0.13639812171459198,0.14200451970100403,0.14761090278625488,0.15321730077266693,0.15882368385791779,0.16443008184432983,0.1700364649295807,0.17564286291599274,0.1812492460012436,0.18685564398765564]},"validation/density_FLN":100,"train/total loss":0.21857647597789764,"validation/spearman_corr":NaN,"val_perf_reactgo_v1":1,"validation/density":100,"train/task loss":0.21857647597789764,"val_perf":0.8137500286102295,"validation/lambda":0.25956082344055176,"trainer/global_step":899,"val_perf_dmcnogo":0.949999988079071,"validation/l1_activity":0,"parameters/rnn.rnncell.weight_hh":{"values":[1,0,2,7,4,6,12,24,35,58,129,300,428,641,709,743,758,803,779,789,803,749,768,772,800,764,828,800,830,778,774,843,798,762,807,787,823,791,810,850,854,763,771,806,836,819,759,848,770,710,697,632,420,249,118,79,40,30,14,12,4,2,0,2],"bins":[-0.2943088412284851,-0.2853478789329529,-0.27638691663742065,-0.2674259543418884,-0.2584649920463562,-0.24950404465198517,-0.24054308235645294,-0.23158212006092072,-0.2226211577653885,-0.21366019546985626,-0.20469923317432404,-0.1957382708787918,-0.18677732348442078,-0.17781636118888855,-0.16885539889335632,-0.1598944365978241,-0.15093347430229187,-0.14197251200675964,-0.13301154971122742,-0.12405059486627579,-0.11508963257074356,-0.10612867027521133,-0.0971677154302597,-0.08820675313472748,-0.07924579083919525,-0.07028482854366302,-0.0613238699734211,-0.05236291140317917,-0.04340194910764694,-0.034440986812114716,-0.025480028241872787,-0.01651906780898571,-0.007558077573776245,0.0014028828591108322,0.01036384329199791,0.019324803724884987,0.028285764157772064,0.03724672645330429,0.04620768502354622,0.05516864359378815,0.06412960588932037,0.0730905681848526,0.08205153048038483,0.09101248532533646,0.09997344762086868,0.10893440991640091,0.11789536476135254,0.12685632705688477,0.135817289352417,0.14477825164794922,0.15373921394348145,0.16270017623901367,0.1716611385345459,0.18062208592891693,0.18958304822444916,0.19854401051998138,0.2075049728155136,0.21646593511104584,0.22542689740657806,0.2343878597021103,0.24334880709648132,0.25230976939201355,0.2612707316875458,0.270231693983078,0.27919265627861023],"_type":"histogram"},"validation/spearman_corr_FLN":NaN,"val_perf_delaygo_s1":0.5,"val_perf_reactanti_v1":1,"val_perf_reactgo_s1":1,"val_perf_dmcgo":0.9624999761581421,"val_perf_delaygo_v1":0.20000000298023224,"epoch":29,"_runtime":503.425311,"parameters/rnn.rnncell.bias":{"_type":"histogram","values":[2,1,2,1,3,0,3,3,5,5,4,3,4,3,1,0,6,1,3,5,1,3,4,3,6,4,4,4,5,5,3,5,4,2,6,2,1,2,2,8,5,3,1,3,2,1,2,7,3,7,3,0,3,3,2,1,3,0,0,0,1,0,0,1],"bins":[-0.08935273438692093,-0.08648940175771713,-0.08362606167793274,-0.08076272904872894,-0.07789938896894455,-0.07503605633974075,-0.07217271625995636,-0.06930938363075256,-0.06644605100154877,-0.06358271092176437,-0.06071937456727028,-0.057856038212776184,-0.05499270558357239,-0.05212936922907829,-0.0492660328745842,-0.0464026965200901,-0.04353936016559601,-0.04067602381110191,-0.03781268745660782,-0.034949351102113724,-0.03208601474761963,-0.029222680255770683,-0.026359345763921738,-0.023496009409427643,-0.020632673054933548,-0.017769336700439453,-0.014906001277267933,-0.012042665854096413,-0.009179329499602318,-0.00631599361076951,-0.0034526577219367027,-0.0005893218331038952,0.0022740215063095093,0.005137357395142317,0.008000693283975124,0.010864028707146645,0.01372736506164074,0.016590701416134834,0.01945403590798378,0.022317372262477875,0.02518070861697197,0.028044044971466064,0.03090738132596016,0.033770717680454254,0.03663405030965805,0.039497386664152145,0.04236072301864624,0.045224059373140335,0.04808739572763443,0.050950732082128525,0.05381406843662262,0.056677404791116714,0.05954074114561081,0.062404073774814606,0.065267413854599,0.0681307464838028,0.07099407911300659,0.07385741919279099,0.07672075182199478,0.07958409190177917,0.08244742453098297,0.08531076461076736,0.08817409723997116,0.09103743731975555,0.09390076994895935]}}